{"cameraMode":{"drawMode":1,"name":"Wireframe","section":"Shading Mode"},"sceneLighting":true,"audioPlay":false,"sceneViewState":{"showFog":true,"showMaterialUpdate":false,"showSkybox":true,"showFlares":true,"showImageEffects":true,"showParticleSystems":true},"in2DMode":false,"pivot":{"x":22.824968338012697,"y":5.873449325561523,"z":0.9752258062362671},"rotation":{"x":-0.2723846137523651,"y":-0.5656067132949829,"z":0.2051844745874405,"w":-0.7508683800697327},"size":11.952555656433106,"orthographic":false}