{"cameraMode":{"drawMode":1,"name":"Wireframe","section":"Shading Mode"},"sceneLighting":true,"audioPlay":false,"sceneViewState":{"showFog":true,"showMaterialUpdate":false,"showSkybox":true,"showFlares":true,"showImageEffects":true,"showParticleSystems":true},"in2DMode":false,"pivot":{"x":2.8858444690704347,"y":27.578079223632814,"z":0.20386578142642976},"rotation":{"x":0.16554884612560273,"y":0.6584300994873047,"z":-0.1517382711172104,"w":0.7183582186698914},"size":5.471468448638916,"orthographic":false}