{"cameraMode":{"drawMode":0,"name":"Shaded","section":"Shading Mode"},"sceneLighting":true,"audioPlay":false,"sceneViewState":{"showFog":true,"showMaterialUpdate":false,"showSkybox":true,"showFlares":true,"showImageEffects":true,"showParticleSystems":true},"in2DMode":false,"pivot":{"x":0.8210296034812927,"y":43.53693389892578,"z":-0.3503285050392151},"rotation":{"x":-4.113632212643381e-10,"y":0.4644380509853363,"z":2.4944737941900998e-10,"w":0.88560551404953},"size":0.8120632767677307,"orthographic":false}