{"cameraMode":{"drawMode":2,"name":"Shaded Wireframe","section":"Shading Mode"},"sceneLighting":false,"audioPlay":false,"sceneViewState":{"showFog":true,"showMaterialUpdate":false,"showSkybox":false,"showFlares":true,"showImageEffects":true,"showParticleSystems":true},"in2DMode":false,"pivot":{"x":1.5084619522094727,"y":1.6421303749084473,"z":-3.7423763275146486},"rotation":{"x":0.0069350870326161388,"y":0.9601210951805115,"z":-0.023909978568553926,"w":0.2784750163555145},"size":11.880871772766114,"orthographic":false}