{"cameraMode":{"drawMode":2,"name":"Shaded Wireframe","section":"Shading Mode"},"sceneLighting":true,"audioPlay":false,"sceneViewState":{"showFog":true,"showMaterialUpdate":false,"showSkybox":true,"showFlares":true,"showImageEffects":true,"showParticleSystems":true},"in2DMode":false,"pivot":{"x":13.005218505859375,"y":-14.051437377929688,"z":-23.321199417114259},"rotation":{"x":0.24684669077396394,"y":0.6195299625396729,"z":-0.2142827808856964,"w":0.7136765718460083},"size":131.41159057617188,"orthographic":false}