{"cameraMode":{"drawMode":2,"name":"Shaded Wireframe","section":"Shading Mode"},"sceneLighting":false,"audioPlay":false,"sceneViewState":{"showFog":true,"showMaterialUpdate":false,"showSkybox":true,"showFlares":true,"showImageEffects":true,"showParticleSystems":true},"in2DMode":false,"pivot":{"x":-0.10789060592651367,"y":1.4372336864471436,"z":-1.9573283195495606},"rotation":{"x":-0.007451738230884075,"y":0.9285526871681213,"z":0.018668372184038163,"w":0.37065589427948},"size":6.8051252365112309,"orthographic":false}