{"cameraMode":{"drawMode":2,"name":"Shaded Wireframe","section":"Shading Mode"},"sceneLighting":true,"audioPlay":false,"sceneViewState":{"showFog":true,"showMaterialUpdate":false,"showSkybox":true,"showFlares":true,"showImageEffects":true,"showParticleSystems":true},"in2DMode":false,"pivot":{"x":8.343268394470215,"y":22.28494644165039,"z":7.536064624786377},"rotation":{"x":0.16567708551883698,"y":0.02542666345834732,"z":-0.004274117760360241,"w":0.9858475923538208},"size":15.178079605102539,"orthographic":false}