{"cameraMode":{"drawMode":2,"name":"Shaded Wireframe","section":"Shading Mode"},"sceneLighting":false,"audioPlay":false,"sceneViewState":{"showFog":true,"showMaterialUpdate":false,"showSkybox":true,"showFlares":true,"showImageEffects":true,"showParticleSystems":true},"in2DMode":false,"pivot":{"x":0.9765486717224121,"y":0.9950027465820313,"z":-0.40815162658691409},"rotation":{"x":0.022465351969003679,"y":0.5925450921058655,"z":-0.0165349580347538,"w":0.8050549626350403},"size":7.380868911743164,"orthographic":false}