{"cameraMode":{"drawMode":2,"name":"Shaded Wireframe","section":"Shading Mode"},"sceneLighting":true,"audioPlay":false,"sceneViewState":{"showFog":true,"showMaterialUpdate":false,"showSkybox":true,"showFlares":true,"showImageEffects":true,"showParticleSystems":true},"in2DMode":false,"pivot":{"x":12.377714157104493,"y":33.525943756103519,"z":-1.2427687644958497},"rotation":{"x":0.11859145760536194,"y":0.20488213002681733,"z":-0.02501642145216465,"w":0.9712536931037903},"size":9.815531730651856,"orthographic":false}